{
  "fio version" : "fio-3.19",
  "timestamp" : 1645023241,
  "timestamp_ms" : 1645023241728,
  "time" : "Wed Feb 16 17:54:01 2022",
  "global options" : {
    "runtime" : "10",
    "filename" : "/dev/nvme0n1",
    "iodepth" : "32",
    "numjobs" : "2",
    "bs" : "512",
    "ioengine" : "libaio",
    "rwmixread" : "95"
  },
  "jobs" : [
    {
      "jobname" : "job",
      "groupid" : 0,
      "error" : 0,
      "eta" : 0,
      "elapsed" : 11,
      "job options" : {
        "name" : "job",
        "direct" : "1",
        "random_generator" : "tausworthe64",
        "rw" : "randrw",
        "size" : "1536306186240"
      },
      "read" : {
        "io_bytes" : 4823372288,
        "io_kbytes" : 4710324,
        "bw_bytes" : 482288999,
        "bw" : 470985,
        "iops" : 941970.702930,
        "runtime" : 10001,
        "total_ios" : 9420649,
        "short_ios" : 0,
        "drop_ios" : 0,
        "slat_ns" : {
          "min" : 940,
          "max" : 113450,
          "mean" : 1309.405206,
          "stddev" : 402.648660,
          "N" : 9420649
        },
        "clat_ns" : {
          "min" : 6550,
          "max" : 5549040,
          "mean" : 63980.557532,
          "stddev" : 50281.400258,
          "N" : 9420649,
          "percentile" : {
            "1.000000" : 20864,
            "5.000000" : 25984,
            "10.000000" : 28544,
            "20.000000" : 35584,
            "30.000000" : 52480,
            "40.000000" : 55040,
            "50.000000" : 56576,
            "60.000000" : 58112,
            "70.000000" : 59648,
            "80.000000" : 77312,
            "90.000000" : 109056,
            "95.000000" : 132096,
            "99.000000" : 185344,
            "99.500000" : 232448,
            "99.900000" : 675840,
            "99.950000" : 913408,
            "99.990000" : 1400832
          }
        },
        "lat_ns" : {
          "min" : 7800,
          "max" : 5550070,
          "mean" : 65331.152112,
          "stddev" : 50308.132870,
          "N" : 9420649
        },
        "bw_min" : 366956,
        "bw_max" : 516171,
        "bw_agg" : 99.932370,
        "bw_mean" : 470666.473684,
        "bw_dev" : 22172.509950,
        "bw_samples" : 38,
        "iops_min" : 733912,
        "iops_max" : 1032342,
        "iops_mean" : 941333.052632,
        "iops_stddev" : 44345.018041,
        "iops_samples" : 38
      },
      "write" : {
        "io_bytes" : 253787136,
        "io_kbytes" : 247839,
        "bw_bytes" : 25376175,
        "bw" : 24781,
        "iops" : 49562.843716,
        "runtime" : 10001,
        "total_ios" : 495678,
        "short_ios" : 0,
        "drop_ios" : 0,
        "slat_ns" : {
          "min" : 970,
          "max" : 13870,
          "mean" : 1374.576943,
          "stddev" : 401.642502,
          "N" : 495678
        },
        "clat_ns" : {
          "min" : 5040,
          "max" : 2055510,
          "mean" : 42320.306247,
          "stddev" : 15708.011401,
          "N" : 495678,
          "percentile" : {
            "1.000000" : 13760,
            "5.000000" : 20864,
            "10.000000" : 22912,
            "20.000000" : 25728,
            "30.000000" : 29312,
            "40.000000" : 36096,
            "50.000000" : 49408,
            "60.000000" : 52480,
            "70.000000" : 54016,
            "80.000000" : 55552,
            "90.000000" : 57088,
            "95.000000" : 58112,
            "99.000000" : 63744,
            "99.500000" : 69120,
            "99.900000" : 121344,
            "99.950000" : 144384,
            "99.990000" : 191488
          }
        },
        "lat_ns" : {
          "min" : 6310,
          "max" : 2056770,
          "mean" : 43736.105052,
          "stddev" : 15773.742853,
          "N" : 495678
        },
        "bw_min" : 19427,
        "bw_max" : 27124,
        "bw_agg" : 99.933523,
        "bw_mean" : 24764.526316,
        "bw_dev" : 1142.836320,
        "bw_samples" : 38,
        "iops_min" : 38854,
        "iops_max" : 54248,
        "iops_mean" : 49529.052632,
        "iops_stddev" : 2285.672639,
        "iops_samples" : 38
      },
      "trim" : {
        "io_bytes" : 0,
        "io_kbytes" : 0,
        "bw_bytes" : 0,
        "bw" : 0,
        "iops" : 0.000000,
        "runtime" : 0,
        "total_ios" : 0,
        "short_ios" : 0,
        "drop_ios" : 0,
        "slat_ns" : {
          "min" : 0,
          "max" : 0,
          "mean" : 0.000000,
          "stddev" : 0.000000,
          "N" : 0
        },
        "clat_ns" : {
          "min" : 0,
          "max" : 0,
          "mean" : 0.000000,
          "stddev" : 0.000000,
          "N" : 0
        },
        "lat_ns" : {
          "min" : 0,
          "max" : 0,
          "mean" : 0.000000,
          "stddev" : 0.000000,
          "N" : 0
        },
        "bw_min" : 0,
        "bw_max" : 0,
        "bw_agg" : 0.000000,
        "bw_mean" : 0.000000,
        "bw_dev" : 0.000000,
        "bw_samples" : 0,
        "iops_min" : 0,
        "iops_max" : 0,
        "iops_mean" : 0.000000,
        "iops_stddev" : 0.000000,
        "iops_samples" : 0
      },
      "sync" : {
        "total_ios" : 0,
        "lat_ns" : {
          "min" : 0,
          "max" : 0,
          "mean" : 0.000000,
          "stddev" : 0.000000,
          "N" : 0
        }
      },
      "job_runtime" : 20000,
      "usr_cpu" : 26.665000,
      "sys_cpu" : 69.400000,
      "ctx" : 98898,
      "majf" : 0,
      "minf" : 2,
      "iodepth_level" : {
        "1" : 0.100000,
        "2" : 0.100000,
        "4" : 0.100000,
        "8" : 0.100000,
        "16" : 0.100000,
        "32" : 99.999375,
        ">=64" : 0.000000
      },
      "iodepth_submit" : {
        "0" : 0.000000,
        "4" : 100.000000,
        "8" : 0.000000,
        "16" : 0.000000,
        "32" : 0.000000,
        "64" : 0.000000,
        ">=64" : 0.000000
      },
      "iodepth_complete" : {
        "0" : 0.000000,
        "4" : 99.999980,
        "8" : 0.000000,
        "16" : 0.000000,
        "32" : 0.100000,
        "64" : 0.000000,
        ">=64" : 0.000000
      },
      "latency_ns" : {
        "2" : 0.000000,
        "4" : 0.000000,
        "10" : 0.000000,
        "20" : 0.000000,
        "50" : 0.000000,
        "100" : 0.000000,
        "250" : 0.000000,
        "500" : 0.000000,
        "750" : 0.000000,
        "1000" : 0.000000
      },
      "latency_us" : {
        "2" : 0.000000,
        "4" : 0.000000,
        "10" : 0.047891,
        "20" : 0.922509,
        "50" : 27.507564,
        "100" : 59.896542,
        "250" : 11.221423,
        "500" : 0.241107,
        "750" : 0.087169,
        "1000" : 0.039359
      },
      "latency_ms" : {
        "2" : 0.034600,
        "4" : 0.010000,
        "10" : 0.010000,
        "20" : 0.000000,
        "50" : 0.000000,
        "100" : 0.000000,
        "250" : 0.000000,
        "500" : 0.000000,
        "750" : 0.000000,
        "1000" : 0.000000,
        "2000" : 0.000000,
        ">=2000" : 0.000000
      },
      "latency_depth" : 32,
      "latency_target" : 0,
      "latency_percentile" : 100.000000,
      "latency_window" : 0
    }
  ],
  "disk_util" : [
    {
      "name" : "nvme0n1",
      "read_ios" : 9330835,
      "write_ios" : 490896,
      "read_merges" : 0,
      "write_merges" : 0,
      "read_ticks" : 314753,
      "write_ticks" : 5778,
      "in_queue" : 3760,
      "util" : 99.279928
    }
  ]
}
