{
  "fio version" : "fio-3.19",
  "timestamp" : 1645023252,
  "timestamp_ms" : 1645023252595,
  "time" : "Wed Feb 16 17:54:12 2022",
  "global options" : {
    "runtime" : "10",
    "filename" : "/dev/nvme0n1",
    "iodepth" : "32",
    "numjobs" : "2",
    "bs" : "4096",
    "ioengine" : "libaio",
    "rwmixread" : "95"
  },
  "jobs" : [
    {
      "jobname" : "job",
      "groupid" : 0,
      "error" : 0,
      "eta" : 0,
      "elapsed" : 11,
      "job options" : {
        "name" : "job",
        "direct" : "1",
        "random_generator" : "tausworthe64",
        "rw" : "randrw",
        "size" : "1536306186240"
      },
      "read" : {
        "io_bytes" : 40359227392,
        "io_kbytes" : 39413308,
        "bw_bytes" : 4035519187,
        "bw" : 3940936,
        "iops" : 985234.176582,
        "runtime" : 10001,
        "total_ios" : 9853327,
        "short_ios" : 0,
        "drop_ios" : 0,
        "slat_ns" : {
          "min" : 930,
          "max" : 113400,
          "mean" : 1269.081757,
          "stddev" : 381.654683,
          "N" : 9853327
        },
        "clat_ns" : {
          "min" : 4360,
          "max" : 5359710,
          "mean" : 61377.363653,
          "stddev" : 56820.012350,
          "N" : 9853327,
          "percentile" : {
            "1.000000" : 11712,
            "5.000000" : 15040,
            "10.000000" : 19328,
            "20.000000" : 28544,
            "30.000000" : 48896,
            "40.000000" : 50944,
            "50.000000" : 52480,
            "60.000000" : 55040,
            "70.000000" : 61696,
            "80.000000" : 80384,
            "90.000000" : 109056,
            "95.000000" : 134144,
            "99.000000" : 191488,
            "99.500000" : 257024,
            "99.900000" : 749568,
            "99.950000" : 1028096,
            "99.990000" : 1613824
          }
        },
        "lat_ns" : {
          "min" : 7720,
          "max" : 5360820,
          "mean" : 62677.223223,
          "stddev" : 56875.719958,
          "N" : 9853327
        },
        "bw_min" : 3232968,
        "bw_max" : 4503896,
        "bw_agg" : 100.000000,
        "bw_mean" : 3954553.105263,
        "bw_dev" : 193901.578015,
        "bw_samples" : 38,
        "iops_min" : 808242,
        "iops_max" : 1125972,
        "iops_mean" : 988638.105263,
        "iops_stddev" : 48475.482621,
        "iops_samples" : 38
      },
      "write" : {
        "io_bytes" : 2123718656,
        "io_kbytes" : 2073944,
        "bw_bytes" : 212350630,
        "bw" : 207373,
        "iops" : 51843.415658,
        "runtime" : 10001,
        "total_ios" : 518486,
        "short_ios" : 0,
        "drop_ios" : 0,
        "slat_ns" : {
          "min" : 970,
          "max" : 21280,
          "mean" : 1325.561712,
          "stddev" : 364.161882,
          "N" : 518486
        },
        "clat_ns" : {
          "min" : 4310,
          "max" : 486670,
          "mean" : 36745.391486,
          "stddev" : 21234.064294,
          "N" : 518486,
          "percentile" : {
            "1.000000" : 8096,
            "5.000000" : 9792,
            "10.000000" : 11712,
            "20.000000" : 16192,
            "30.000000" : 20864,
            "40.000000" : 25984,
            "50.000000" : 44288,
            "60.000000" : 48384,
            "70.000000" : 49920,
            "80.000000" : 51456,
            "90.000000" : 58112,
            "95.000000" : 60672,
            "99.000000" : 84480,
            "99.500000" : 100864,
            "99.900000" : 191488,
            "99.950000" : 284672,
            "99.990000" : 456704
          }
        },
        "lat_ns" : {
          "min" : 5970,
          "max" : 497220,
          "mean" : 38102.420104,
          "stddev" : 21393.148835,
          "N" : 518486
        },
        "bw_min" : 170864,
        "bw_max" : 236736,
        "bw_agg" : 100.000000,
        "bw_mean" : 208050.000000,
        "bw_dev" : 10067.282603,
        "bw_samples" : 38,
        "iops_min" : 42716,
        "iops_max" : 59184,
        "iops_mean" : 52012.473684,
        "iops_stddev" : 2516.834245,
        "iops_samples" : 38
      },
      "trim" : {
        "io_bytes" : 0,
        "io_kbytes" : 0,
        "bw_bytes" : 0,
        "bw" : 0,
        "iops" : 0.000000,
        "runtime" : 0,
        "total_ios" : 0,
        "short_ios" : 0,
        "drop_ios" : 0,
        "slat_ns" : {
          "min" : 0,
          "max" : 0,
          "mean" : 0.000000,
          "stddev" : 0.000000,
          "N" : 0
        },
        "clat_ns" : {
          "min" : 0,
          "max" : 0,
          "mean" : 0.000000,
          "stddev" : 0.000000,
          "N" : 0
        },
        "lat_ns" : {
          "min" : 0,
          "max" : 0,
          "mean" : 0.000000,
          "stddev" : 0.000000,
          "N" : 0
        },
        "bw_min" : 0,
        "bw_max" : 0,
        "bw_agg" : 0.000000,
        "bw_mean" : 0.000000,
        "bw_dev" : 0.000000,
        "bw_samples" : 0,
        "iops_min" : 0,
        "iops_max" : 0,
        "iops_mean" : 0.000000,
        "iops_stddev" : 0.000000,
        "iops_samples" : 0
      },
      "sync" : {
        "total_ios" : 0,
        "lat_ns" : {
          "min" : 0,
          "max" : 0,
          "mean" : 0.000000,
          "stddev" : 0.000000,
          "N" : 0
        }
      },
      "job_runtime" : 20000,
      "usr_cpu" : 23.655000,
      "sys_cpu" : 70.805000,
      "ctx" : 196315,
      "majf" : 0,
      "minf" : 2,
      "iodepth_level" : {
        "1" : 0.100000,
        "2" : 0.100000,
        "4" : 0.100000,
        "8" : 0.100000,
        "16" : 0.100000,
        "32" : 99.999402,
        ">=64" : 0.000000
      },
      "iodepth_submit" : {
        "0" : 0.000000,
        "4" : 100.000000,
        "8" : 0.000000,
        "16" : 0.000000,
        "32" : 0.000000,
        "64" : 0.000000,
        ">=64" : 0.000000
      },
      "iodepth_complete" : {
        "0" : 0.000000,
        "4" : 99.999981,
        "8" : 0.000000,
        "16" : 0.000000,
        "32" : 0.100000,
        "64" : 0.000000,
        ">=64" : 0.000000
      },
      "latency_ns" : {
        "2" : 0.000000,
        "4" : 0.000000,
        "10" : 0.000000,
        "20" : 0.000000,
        "50" : 0.000000,
        "100" : 0.000000,
        "250" : 0.000000,
        "500" : 0.000000,
        "750" : 0.000000,
        "1000" : 0.000000
      },
      "latency_us" : {
        "2" : 0.000000,
        "4" : 0.000000,
        "10" : 0.391918,
        "20" : 11.290167,
        "50" : 24.894230,
        "100" : 51.510040,
        "250" : 11.413038,
        "500" : 0.314969,
        "750" : 0.091411,
        "1000" : 0.042731
      },
      "latency_ms" : {
        "2" : 0.047330,
        "4" : 0.010000,
        "10" : 0.010000,
        "20" : 0.000000,
        "50" : 0.000000,
        "100" : 0.000000,
        "250" : 0.000000,
        "500" : 0.000000,
        "750" : 0.000000,
        "1000" : 0.000000,
        "2000" : 0.000000,
        ">=2000" : 0.000000
      },
      "latency_depth" : 32,
      "latency_target" : 0,
      "latency_percentile" : 100.000000,
      "latency_window" : 0
    }
  ],
  "disk_util" : [
    {
      "name" : "nvme0n1",
      "read_ios" : 9770194,
      "write_ios" : 514092,
      "read_merges" : 0,
      "write_merges" : 0,
      "read_ticks" : 321389,
      "write_ticks" : 3810,
      "in_queue" : 5860,
      "util" : 99.190000
    }
  ]
}
